skirl,guess
skive,guess
skoal,answer
skort,answer
skulk,answer
slogs,guess
slunk,answer
smarm,guess
smolt,guess
smush,guess
snaky,answer
snarf,guess
snick,guess
snood,answer
snoot,answer
socle,guess
soddy,guess
sodic,guess
softs,guess
soldi,guess
solum,guess
sonde,guess
sorer,guess
sough,guess
souse,answer
spacy,answer
spang,guess
spean,guess
spier,guess
spiff,guess
spirt,guess
sprat,guess
sprog,guess
spume,guess
squab,guess
stagy,guess
stens,guess
stets,guess
stewy,guess
stims,guess
stipa,guess
stirk,guess
stook,guess
stope,guess
stoss,guess
stoup,guess
stows,answer
strew,answer
stria,guess
stull,guess
subby,guess
suber,guess
sudsy,answer
sulfa,guess
sunup,answer
sural,guess
surra,guess
swage,guess
swang,guess
sward,guess
swarf,guess
sylph,answer
sysop,guess
tabes,guess
tacan,guess
tacho,guess
talaq,guess
talar,guess
taler,guess
talma,guess
talpa,guess
tamal,guess
tapis,guess
tappa,guess
targe,guess
tarok,guess
tarty,answer
tasse,guess
tawas,guess
tawse,guess
taxus,guess
tazza,guess
teles,guess
telia,guess
telic,guess
tendu,guess
tenge,guess
tenia,guess
tenne,guess
tenny,guess
tenue,guess
teres,guess
teste,guess
thali,guess
thebe,guess
theca,guess
thill,guess
thole,guess
thrum,guess
thuja,guess
thurl,guess
tical,guess
tikis,guess
tiler,guess
tilth,guess
titch,guess
titre,guess
tofts,guess
toile,guess
toing,guess
tokay,guess
toker,guess
tolan,guess
tolar,guess
toman,guess
tondo,guess
tonus,guess
toran,guess
toric,guess
toted,guess
totty,guess
towny,answer
trank,guess
tranq,guess
trave,guess
treed,answer
treen,guess
trews,guess
triac,guess
trona,guess
trone,guess
trows,guess
trued,answer
trull,guess
tsuba,guess
tufty,guess
tulpa,guess
tumid,guess
tunny,guess
tuque,guess
tushy,guess
twite,guess
tyers,guess
tyred,answer
ugali,guess
uhlan,guess
ukase,guess
umbel,guess
umiak,guess
unary,guess
unban,guess
uncap,guess
unfed,guess
unhip,guess
unpin,guess
unsay,guess
unset,guess
updos,guess
urate,guess
utile,guess
uveal,guess
uvula,answer
vakil,guess
vampy,answer
varan,guess
varix,guess
vaunt,answer
veery,guess
veldt,guess
velum,guess
vends,answer
verst,guess
verts,guess
vexes,answer
vibey,answer
viler,answer
vills,guess
vinca,guess
vireo,guess
virga,guess
virtu,guess
vison,guess
vitex,guess
vitta,guess
vodou,guess
volar,guess
vomer,guess
wacks,guess
waddy,guess
wader,answer
wangs,guess
wanky,guess
wanly,guess
waspy,answer
waxen,answer
waxer,guess
weans,guess
wends,answer
wenge,guess
wetly,answer
whang,guess
wheen,guess
whelk,answer
whets,answer
whomp,answer
whump,guess
winey,answer
withy,guess
woosh,answer
wussy,guess
xeric,guess
xylan,guess
yabby,guess
yakka,guess
yappy,answer
yipes,guess
yippy,guess
yokel,answer
yonks,guess
yourn,guess
yucks,guess
yugas,guess
yulan,guess
yuppy,guess
zappy,guess
zazen,guess
zingy,answer
zombi,guess
zoner,guess
zooid,guess
zowie,guess
